date,strategy,pickedNumbers,averageScore
2025-06-25 17:35,proto,"[16, 23, 30, 33, 40, 44]",0.61
2025-06-25 17:35,proto,"[1, 2, 17, 32, 35, 45]",0.49
2025-06-25 17:35,proto,"[5, 9, 18, 24, 37, 45]",0.33
2025-06-25 17:35,random,"[8, 27, 33, 34, 42, 44]",0.51
2025-06-25 17:35,random,"[6, 17, 19, 24, 27, 34]",0.42
2025-06-25 17:35,v90,"[2, 9, 14, 17, 27, 37]",0.54
2025-06-25 17:35,v90,"[11, 15, 17, 33, 34, 44]",0.44
2025-06-25 17:35,v90,"[2, 15, 23, 36, 37, 43]",0.5
2025-06-25 23:32:04,proto,"[2, 7, 10, 20, 22, 38]",0.62
2025-06-25 23:32:12,proto,"[1, 4, 15, 21, 28, 40]",0.4
2025-06-25 23:32:14,proto,"[8, 10, 30, 31, 43, 44]",0.39
2025-06-25 23:32:22,proto,"[4, 14, 16, 24, 25, 31]",0.36
2025-06-25 23:32:23,proto,"[2, 3, 5, 14, 32, 34]",0.62
2025-06-25 23:32:24,proto,"[12, 13, 16, 32, 36, 39]",0.64
2025-06-26 00:22:08,proto,"[18, 24, 25, 26, 28, 36]",0.65
2025-06-26 00:22:11,proto,"[3, 8, 9, 14, 16, 24]",0.42
2025-06-26 00:22:12,proto,"[16, 21, 24, 25, 33, 40]",0.34
2025-06-26 00:22:13,proto,"[5, 13, 19, 20, 23, 34]",0.5
2025-06-26 00:22:14,proto,"[4, 9, 11, 22, 32, 42]",0.38
2025-06-26 00:22:14,proto,"[14, 19, 21, 34, 41, 44]",0.34
2025-06-26 00:22:16,proto,"[4, 10, 18, 20, 26, 41]",0.43
